g_fit,E_fit_exp,E_fit_avg,Grad Gs/cm,Intensity a.u.,Grad T/m,Normalized Intensity
0.0935,0.9877460326534717,0.9999461340825174,9.35,4.0231,0.0935,1.0
0.14441482965931865,0.9876762360140254,0.9998715028428921,457.3,3.44741,4.573,0.856903880092466
0.19532965931863727,0.9875765760100277,0.9997649412250771,647.7,3.13453,6.477,0.7791330068852377
0.24624448897795592,0.9874470634452523,0.9996264623989184,793.05,2.77291,7.930499999999999,0.689247098008998
0.29715931863727457,0.9872877123581671,0.9994560834763536,915.45,2.54652,9.1545,0.6329745718475802
0.3480741482965932,0.9870985400192305,0.9992538255073253,1023.4,2.23112,10.234,0.5545773160000994
0.3989889779559118,0.9868795669275667,0.999019713474755,1121.15,2.01255,11.211500000000001,0.5002485645397827
0.4499038076152305,0.9866308168070188,0.9987537762885758,1211.25,1.86203,12.1125,0.4628346300116825
0.5008186372745491,0.9863523166015828,0.9984560467788359,1295.4,1.62457,12.954,0.4038104943948696
0.5517334669338678,0.9860440964702222,0.998126561687863,1373.6,1.46699,13.735999999999999,0.36464169421590314
0.6026482965931864,0.9857061897810663,0.9977653616615014,1447.55,1.32817,14.4755,0.3301359648032612
0.6535631262525051,0.9853386331049915,0.9973724912394238,1518.95,1.31252,15.1895,0.326245929755661
0.7044779559118237,0.9849414662085902,0.9969479988445147,1586.1,1.20774,15.860999999999999,0.30020133727722403
0.7553927855711424,0.9845147320465271,0.9964919367713384,1650.7,1.08575,16.507,0.2698789490691258
0.806307615230461,0.9840584767532842,0.9960043611736913,1713.6,0.93704,17.136,0.23291491635803233
0.8572224448897797,0.9835727496343007,0.9954853320512426,1773.1,0.85421,17.730999999999998,0.2123263155278268
0.9081372745490983,0.9830576031565066,0.9949349132352664,1831.75,0.89371,18.3175,0.22214461484924558
0.9590521042084169,0.9825130929382524,0.9943531723734795,1887.85,0.83358,18.8785,0.20719842907210856
1.0099669338677355,0.9819392777386412,0.9937401809139775,1943.1,0.70517,19.430999999999997,0.17528025651860504
1.0608817635270542,0.9813362194462625,0.9930960140882853,1995.8,0.5874,19.958,0.14600681066839005
1.1117965931863727,0.9807039830673324,0.9924207508935231,2047.65,0.6795,20.4765,0.16889960478238172
1.1627114228456914,0.9800426367132434,0.9917144740736956,2098.65,0.58113,20.9865,0.14444831100395217
1.21362625250501,0.9793522515875273,0.9909772701001122,2147.95,0.53096,21.479499999999998,0.13197782804305136
1.2645410821643288,0.9786329019722331,0.9902092291509429,2196.4,0.49559,21.964000000000002,0.12318610027093534
1.3154559118236473,0.9778846652137275,0.9894104450899206,2243.15,0.56414,22.4315,0.14022519947304316
1.366370741482966,0.9771076217079165,0.9885810154441932,2289.9,0.42128,22.899,0.10471526931967884
1.4172855711422847,0.9763018548848975,0.9877210413813372,2334.95,0.45328,23.3495,0.112669334592727
1.4682004008016032,0.9754674511930413,0.9868306276855427,2379.15,0.40183,23.7915,0.09988068902090427
1.519115230460922,0.9746045000825134,0.9859098827329695,2423.35,0.48335,24.2335,0.12014367030399442
1.5700300601202406,0.9737130939882332,0.984958918466294,2465.85,0.40952,24.6585,0.10179215033183366
1.6209448897795593,0.9727933283122817,0.98397785036845,2508.35,0.33366,25.0835,0.0829360443439139
1.6718597194388778,0.9718453014057566,0.9829667974355727,2550.0,0.32335,25.5,0.0803733439387537
1.7227745490981965,0.9708691145500868,0.9819258821491601,,,,
1.7736893787575152,0.9698648719378029,0.9808552304474546,,,,
1.8246042084168337,0.9688326806527764,0.9797549716960624,,,,
1.8755190380761524,0.9677726506499289,0.9786252386578165,,,,
1.926433867735471,0.9666848947344174,0.9774661674618954,,,,
1.9773486973947898,0.9655695285403028,0.9762778975722094,,,,
2.0282635270541083,0.9644266705087046,0.9750605717550626,,,,
2.079178356713427,0.963256441865451,0.9738143360461073,,,,
2.1300931863727457,0.9620589665982282,0.972539339716598,,,,
2.1810080160320644,0.9608343714332346,0.9712357352389582,,,,
2.231922845691383,0.9595827858113488,0.9699036782516725,,,,
2.282837675350702,0.9583043418638164,0.968543327523517,,,,
2.3337525050100205,0.9569991743874591,0.967154844917139,,,,
2.3846673346693392,0.9556674208194187,0.9657383953519993,,,,
2.435582164328658,0.9543092212114385,0.964294146766693,,,,
2.486496993987976,0.9529247182036897,0.9628222700806547,,,,
2.537411823647295,0.9515140569981506,0.96132293915527,,,,
2.5883266533066136,0.9500773853315453,0.9597963307544009,,,,
2.6392414829659323,0.9486148534478485,0.9582426245043423,,,,
2.690156312625251,0.9471266140703658,0.9566620028532195,,,,
2.7410711422845697,0.945612822373393,0.9550546510298451,,,,
2.7919859719438884,0.9440736359534664,0.9534207570020475,,,,
2.8429008016032067,0.9425092148002092,0.9517605114344837,,,,
2.8938156312625254,0.9409197212667805,0.9500741076459533,,,,
2.944730460921844,0.939305320039939,0.9483617415662292,,,,
2.995645290581163,0.9376661781097242,0.9466236116924139,,,,
3.0465601202404815,0.9360024647387664,0.9448599190448433,,,,
3.0974749498998,0.9343143514312329,0.9430708671225495,,,,
3.148389779559119,0.9326020119014179,0.9412566618582973,,,,
3.199304609218437,0.9308656220419842,0.9394175115732103,,,,
3.250219438877756,0.9291053598918666,0.937553626931001,,,,
3.3011342685370746,0.9273214056038426,0.935665220891823,,,,
3.3520490981963933,0.9255139414117823,0.9337525086657567,,,,
3.402963927855712,0.9236831515975822,0.9318157076659465,,,,
3.4538787575150307,0.9218292224577944,0.9298550374614043,,,,
3.5047935871743494,0.9199523422699598,0.9278707197294951,,,,
3.5557084168336677,0.9180527012586506,0.9258629782081198,,,,
3.6066232464929864,0.9161304915612348,0.9238320386476121,,,,
3.657538076152305,0.9141859071933705,0.9217781287623623,,,,
3.708452905811624,0.9122191440142362,0.919701478182189,,,,
3.7593677354709425,0.9102303996915105,0.9176023184034673,,,,
3.810282565130261,0.9082198736661056,0.9154808827400357,,,,
3.86119739478958,0.9061877671166666,0.913337406273895,,,,
3.912112224448898,0.9041342829238449,0.9111721258057134,,,,
3.963027054108217,0.9020596256343539,0.9089852798051544,,,,
4.013941883767536,0.8999640014248178,0.9067771083610481,,,,
4.064856713426854,0.8978476180654189,0.9045478531314118,,,,
4.115771543086172,0.8957106848833595,0.9022977572933446,,,,
4.166686372745491,0.8935534127261379,0.9000270654928075,,,,
4.2176012024048095,0.8913760139246583,0.8977360237943053,,,,
4.268516032064128,0.8891787022561737,0.8954248796304854,,,,
4.319430861723447,0.8869616929070796,0.8930938817516713,,,,
4.370345691382766,0.8847252024355613,0.890743280175341,,,,
4.421260521042084,0.8824694487341085,0.8883733261355744,,,,
4.472175350701403,0.8801946509919025,0.8859842720324752,,,,
4.523090180360722,0.8779010296570902,0.8835763713815891,,,,
4.5740050100200405,0.8755888063989476,0.8811498787633324,,,,
4.624919839679359,0.8732582040699497,0.8787050497724432,,,,
4.675834669338678,0.8709094466677485,0.8762421409674752,,,,
4.726749498997997,0.868542759297074,0.8737614098203426,,,,
4.777664328657315,0.866158368131565,0.8712631146659371,,,,
4.828579158316633,0.8637565003755374,0.868747514651828,,,,
4.879493987975952,0.8613373842257044,0.8662148696880592,,,,
4.9304088176352705,0.8589012488328502,0.8636654403970621,,,,
4.981323647294589,0.856448324263474,0.8610994880636934,,,,
5.032238476953908,0.8539788414614067,0.8585172745854165,,,,
5.083153306613227,0.8514930322094159,0.8559190624226345,,,,
5.134068136272545,0.8489911290908014,0.8533051145491966,,,,
5.184982965931864,0.8464733654509965,0.8506756944030858,,,,
5.235897795591183,0.8439399753591795,0.8480310658373018,,,,
5.286812625250501,0.841391193569907,0.8453714930709569,,,,
5.33772745490982,0.8388272554847763,0.8426972406405917,,,,
5.388642284569139,0.8362483971141277,0.84000857335173,,,,
5.439557114228458,0.833654855038792,0.8373057562306807,,,,
5.490471943887776,0.8310468663718972,0.8345890544766028,,,,
5.541386773547094,0.8284246687207377,0.8318587334138439,,,,
5.592301603206413,0.8257885001487175,0.8291150584445663,,,,
5.6432164328657315,0.8231385991373772,0.8263582950016726,,,,
5.69413126252505,0.8204752045485089,0.8235887085020387,,,,
5.745046092184369,0.8177985555863732,0.8208065643000739,,,,
5.795960921843688,0.8151088917600215,0.8180121276416141,,,,
5.846875751503006,0.8124064528457348,0.8152056636181567,,,,
5.897790581162325,0.8096914788495877,0.8123874371214569,,,,
5.948705410821644,0.8069642099701436,0.8095577127984901,,,,
5.999620240480962,0.8042248865612904,0.8067167550067916,,,,
6.050535070140281,0.8014737490952248,0.8038648277701862,,,,
6.1014498997996,0.7987110381255946,0.8010021947349175,,,,
6.1523647294589185,0.7959369942508023,0.7981291191261841,,,,
6.203279559118237,0.7931518580774836,0.7952458637050972,,,,
6.254194388777555,0.7903558701841648,0.7923526907260658,,,,
6.305109218436874,0.7875492710851075,0.7894498618946204,,,,
6.3560240480961925,0.784732301194349,0.7865376383256826,,,,
6.406938877755511,0.7819052007899435,0.7836162805022918,,,,
6.45785370741483,0.7790682099784163,0.7806860482347976,,,,
6.508768537074149,0.776221568659432,0.7777472006205227,,,,
6.559683366733467,0.7733655164906887,0.7747999960039096,,,,
6.610598196392786,0.770500292853043,0.7718446919371552,,,,
6.661513026052105,0.7676261368158739,0.7688815451413425,,,,
6.712427855711423,0.7647432871026909,0.7659108114680783,,,,
6.763342685370742,0.7618519820569958,0.7629327458616398,,,,
6.814257515030061,0.7589524596084002,0.7599476023216427,,,,
6.8651723446893795,0.7560449572390122,0.7569556338662321,,,,
6.916087174348698,0.753129711950091,0.7539570924958079,,,,
6.967002004008017,0.7502069602289817,0.7509522291572853,,,,
7.017916833667335,0.7472769380163337,0.7479412937089024,,,,
7.0688316633266535,0.7443398806736087,0.7449245348855746,,,,
7.119746492985972,0.7413960229508869,0.7419022002648071,,,,
7.170661322645291,0.7384455989549732,0.7388745362331649,,,,
7.22157615230461,0.735488842117813,0.7358417879533111,,,,
7.272490981963928,0.7325259851652204,0.7328041993316131,,,,
7.323405811623247,0.729557260085927,0.7297620129863254,,,,
7.374320641282566,0.7265828981009541,0.7267154702163487,,,,
7.425235470941884,0.723603129633315,0.7236648109705751,,,,
7.476150300601203,0.7206181842780528,0.7206102738178173,,,,
7.527065130260522,0.7176282907726179,0.7175520959173283,,,,
7.5779799599198405,0.7146336769675914,0.7144905129899163,,,,
7.628894789579159,0.7116345697977562,0.711425759289653,,,,
7.679809619238478,0.7086311952535258,0.7083580675761836,,,,
7.730724448897796,0.705623778352729,0.7052876690876365,,,,
7.7816392785571145,0.7026125431127604,0.7022147935141371,,,,
7.832554108216433,0.6995977125230983,0.6991396689719294,,,,
7.883468937875752,0.6965795085181927,0.6960625219781025,,,,
7.934383767535071,0.693558151950733,0.6929835774259274,,,,
7.985298597194389,0.6905338625652913,0.6899030585608052,,,,
8.036213426853708,0.6875068589723534,0.686821186956826,,,,
8.087128256513028,0.6844773586227344,0.6837381824939397,,,,
8.138043086172345,0.6814455777823877,0.6806542633357412,,,,
8.188957915831665,0.6784117315076049,0.6775696459078673,,,,
8.239872745490983,0.6753760336206176,0.6744845448770104,,,,
8.290787575150302,0.672338696685596,0.6713991731305408,,,,
8.34170240480962,0.6692999319850546,0.6683137417567482,,,,
8.39261723446894,0.6662599494966617,0.6652284600256902,,,,
8.443532064128258,0.6632189578704606,0.6621435353706572,,,,
8.494446893787577,0.6601771644065009,0.6590591733702464,,,,
8.545361723446895,0.6571347750328864,0.655975577731047,,,,
8.596276553106215,0.6540919942842376,0.652892950270932,,,,
8.647191382765532,0.651049025280575,0.6498114909029599,,,,
8.698106212424852,0.6480060697066228,0.6467313976198801,,,,
8.74902104208417,0.6449633277915362,0.6436528664792418,,,,
8.799935871743488,0.641920998289053,0.6405760915891056,,,,
8.850850701402807,0.6388792784580726,0.6375012650943513,,,,
8.901765531062125,0.6358383640436636,0.6344285771635858,,,,
8.952680360721445,0.6327984492584988,0.6313582159766418,,,,
9.003595190380763,0.6297597267647252,0.6282903677126689,,,,
9.054510020040082,0.6267223876562625,0.6252252165388119,,,,
9.1054248496994,0.6236866214415371,0.6221629445994742,,,,
9.15633967935872,0.6206526160266488,0.6191037320061613,,,,
9.207254509018037,0.6176205576989751,0.616047756827903,,,,
9.258169338677357,0.6145906311112077,0.6129951950822494,,,,
9.309084168336675,0.6115630192658283,0.6099462207268351,,,,
9.359998997995994,0.6085379035000197,0.6069010056515117,,,,
9.410913827655312,0.6055154634710144,0.6038597196710396,,,,
9.461828657314632,0.6024958771418796,0.6008225305183386,,,,
9.51274348697395,0.5994793207677409,0.5977896038382903,,,,
9.563658316633267,0.596465968882443,0.5947611031820889,,,,
9.614573146292587,0.5934559942856452,0.5917371900021345,,,,
9.665487975951905,0.5904495680303579,0.5887180236474666,,,,
9.716402805611224,0.5874468594109112,0.5857037613597271,,,,
9.767317635270542,0.5844480359513622,0.5826945582696558,,,,
9.818232464929862,0.5814532633943366,0.5796905673941045,,,,
9.86914729458918,0.5784627056903042,0.5766919396335702,,,,
9.9200621242485,0.5754765249872891,0.5736988237702406,,,,
9.970976953907817,0.5724948816210117,0.5707113664665435,,,,
10.021891783567137,0.5695179341054624,0.5677297122641973,,,,
10.072806613226454,0.5665458391239055,0.564754003583756,,,,
10.123721442885774,0.5635787515203129,0.5617843807246421,,,,
10.174636272545092,0.5606168242912237,0.5588209818656612,,,,
10.225551102204411,0.5576602085780316,0.5558639430659933,,,,
10.27646593186373,0.5547090536596955,0.5529133982666528,,,,
10.327380761523047,0.5517635069458731,0.5499694792924116,,,,
10.378295591182367,0.5488237139704757,0.5470323158541812,,,,
10.429210420841684,0.545889818385642,0.544102035551842,,,,
10.480125250501004,0.5429619619561266,0.5411787638775176,,,,
10.531040080160322,0.5400402845541065,0.5382626242192863,,,,
10.581954909819641,0.537124924154398,0.535353737865323,,,,
10.63286973947896,0.5342160168300842,0.5324522240084633,,,,
10.683784569138279,0.5313136967485494,0.5295581997511845,,,,
10.734699398797597,0.5284180961679205,0.5266717801109984,,,,
10.785614228456916,0.5255293454339088,0.5237930780262419,,,,
10.836529058116234,0.5226475729770543,0.5209222043622688,,,,
10.887443887775554,0.5197729053103634,0.5180592679180258,,,,
10.938358717434872,0.5169054670273447,0.5152043754330122,,,,
10.98927354709419,0.5140453808004337,0.5123576315946126,,,,
11.040188376753509,0.511192767379806,0.5095191390457978,,,,
11.091103206412827,0.5083477455925764,0.5066889983931843,,,,
11.142018036072146,0.5055104323423791,0.5038673082154472,,,,
11.192932865731464,0.502680942609327,0.5010541650720792,,,,
11.243847695390784,0.4998593894503456,0.4982496635124846,,,,
11.294762525050102,0.4970458839998799,0.495453896085408,,,,
11.345677354709421,0.4942405354709688,0.49266695334868366,,,,
11.396592184368739,0.4914434511566843,0.4898889238793019,,,,
11.447507014028059,0.48865473643193147,0.4871198942837836,,,,
11.498421843687376,0.4858744947556077,0.4843599492088577,,,,
11.549336673346696,0.48310282767311286,0.48160917135243103,,,,
11.600251503006014,0.4803398348192116,0.4788676414748453,,,,
11.651166332665333,0.4775856139212403,0.4761354384104136,,,,
11.702081162324651,0.47484026080265673,0.47341263907923,,,,
11.752995991983969,0.47210386938692644,0.47069931849924185,,,,
11.803910821643289,0.46937653170174487,0.46799554979858093,,,,
11.854825651302606,0.4666583378835877,0.4653014042281337,,,,
11.905740480961926,0.4639493761825877,0.46261695117440793,,,,
11.956655310621244,0.4612497329677323,0.4599422581725289,,,,
12.007570140280563,0.45855949273237817,0.457277390919569,,,,
12.058484969939881,0.4558787381000796,0.4546224132880617,,,,
12.1093997995992,0.4532075498307241,0.4519773873396667,,,,
12.160314629258519,0.4505460068269724,0.44934237333918603,,,,
12.211229458917838,0.4478941861409977,0.44671742976863704,,,,
12.262144288577156,0.4452521629815207,0.4441026133415915,,,,
12.313059118236476,0.4426200107211341,0.4414979790176824,,,,
12.363973947895794,0.4399978009039138,0.43890358001729335,,,,
12.414888777555111,0.4373856032533101,0.4363194678364173,,,,
12.465803607214431,0.43478348568031777,0.4337456922616819,,,,
12.516718436873749,0.43219151429191593,0.431182301385533,,,,
12.567633266533068,0.4296097533997757,0.428629341621568,,,,
12.618548096192386,0.4270382655292322,0.4260868577200173,,,,
12.669462925851706,0.42447711142851113,0.4235548927833601,,,,
12.720377755511024,0.421926350078211,0.4210334882820741,,,,
12.771292585170343,0.41938603870103214,0.4185226840705096,,,,
12.822207414829661,0.41685623277175043,0.4160225184028823,,,,
12.87312224448898,0.41433698602742763,0.4135330279493774,,,,
12.924037074148298,0.41182835047785726,0.4110542478123601,,,,
12.974951903807618,0.4093303764162378,0.40858621154268554,,,,
13.025866733466936,0.4068431124300714,0.4061289511561018,,,,
13.076781563126255,0.4043666054122792,0.4036824971497395,,,,
13.127696392785573,0.401900900572534,0.4012468785186832,,,,
13.178611222444891,0.3994460414487989,0.3988221227726172,,,,
13.22952605210421,0.3970020699190723,0.3964082559525404,,,,
13.280440881763528,0.39456902621333123,0.39400530264754496,,,,
13.331355711422848,0.3921469489256695,0.3916132860116509,,,,
13.382270541082166,0.3897358750266253,0.3892322277806945,,,,
13.433185370741485,0.38733583987569276,0.38686214828926,,,,
13.484100200400803,0.38494687723401366,0.3845030664876548,,,,
13.535015030060123,0.3825690192772435,0.3821549999589175,,,,
13.58592985971944,0.38020229660858773,0.3798179649358561,,,,
13.63684468937876,0.3778467382720011,0.3774919763181106,,,,
13.687759519038078,0.3755023717655497,0.3751770476892356,,,,
13.738674348697398,0.3731692230549253,0.3728731913337948,,,,
13.789589178356715,0.37084731658711073,0.37058041825446664,,,,
13.840504008016035,0.36853667530419065,0.36829873818915165,,,,
13.891418837675353,0.3662373206573025,0.36602815962808105,,,,
13.94233366733467,0.36394927262072213,0.3637686898309179,,,,
13.99324849699399,0.36167254970608076,0.3615203348438482,,,,
14.044163326653308,0.3594071689767074,0.359283099516657,,,,
14.095078156312628,0.3571531460620923,0.3570569875197853,,,,
14.145992985971946,0.35491049517246603,0.35484200136136185,,,,
14.196907815631265,0.35267922911349026,0.3526381424042064,,,,
14.247822645290583,0.3504593593010554,0.35044541088280184,,,,
14.298737474949903,0.3482508957761794,0.3482638059202273,,,,
14.34965230460922,0.34605384722000454,0.3460933255450517,,,,
14.40056713426854,0.343868220968885,0.34393396670818027,,,,
14.451481963927858,0.3416940230295653,0.34178572529965523,,,,
14.502396793587177,0.3395312580944386,0.3396485961654003,,,,
14.553311623246495,0.337379929556886,0.33752257312391054,,,,
14.604226452905813,0.33524003952668796,0.335407648982881,,,,
14.655141282565133,0.33311158884550746,0.3333038155557728,,,,
14.70605611222445,0.3309945771024364,0.33121106367830977,,,,
14.75697094188377,0.3288890026496027,0.3291293832249065,,,,
14.807885771543088,0.3267948626178346,0.32705876312502086,,,,
14.858800601202407,0.324712152932376,0.32499919137943006,,,,
14.909715430861725,0.3226408683286488,0.32295065507642645,,,,
14.960630260521045,0.32058100236805864,0.3209131404079279,,,,
15.011545090180363,0.31853254745383985,0.3188866326855056,,,,
15.062459919839682,0.3164954948469345,0.3168711163563184,,,,
15.113374749499,0.3144698346819013,0.31486657501895804,,,,
15.16428957915832,0.31245555598285163,0.3128729914391979,,,,
15.215204408817637,0.3104526466794072,0.3108903475656452,,,,
15.266119238476957,0.3084610936226751,0.3089186245452933,,,,
15.317034068136275,0.30648088260123807,0.3069578027389704,,,,
15.367948897795593,0.30451199835715315,0.30500786173668504,,,,
15.418863727454912,0.3025544246019579,0.30306878037286383,,,,
15.46977855711423,0.3006081440326781,0.3011405367414799,,,,
15.52069338677355,0.2986731383478322,0.29922310821106884,,,,
15.571608216432868,0.296749388263434,0.29731647143963436,,,,
15.622523046092187,0.2948368735289814,0.2954206023894344,,,,
15.673437875751505,0.2929355729434364,0.29353547634165317,,,,
15.724352705410825,0.29104546437118495,0.2916610679109523,,,,
15.775267535070142,0.2891665247579792,0.28979735105990223,,,,
15.826182364729462,0.2872987301468544,0.2879442991132896,,,,
15.87709719438878,0.2854420556940189,0.2861018847723024,,,,
15.9280120240481,0.2835964756847137,0.2842700801285881,,,,
15.978926853707417,0.28176196354903726,0.2824488566781852,,,,
16.029841683366733,0.2799384918777332,0.28063818533532603,,,,
16.080756513026053,0.27812603243793665,0.2788380364461106,,,,
16.131671342685372,0.27632455618887763,0.277048379802049,,,,
16.18258617234469,0.2745340332975362,0.27526918465347133,,,,
16.233501002004008,0.2727544331542467,0.2735004197228051,,,,
16.284415831663328,0.27098572438825025,0.2717420532177183,,,,
16.335330661322647,0.2692278748831894,0.2699940528441275,,,,
16.386245490981963,0.26748085179254333,0.26825638581906874,,,,
16.437160320641283,0.2657446215550011,0.2665290188834333,,,,
16.488075150300602,0.26401914990976955,0.2648119183145651,,,,
16.538989979959922,0.26230440191181287,0.2631050499387191,,,,
16.589904809619238,0.2606003419470214,0.26140837914338244,,,,
16.640819639278558,0.25890693374730683,0.25972187088945425,,,,
16.691734468937877,0.2572241404056215,0.25804548972328684,,,,
16.742649298597197,0.2555519243908986,0.2563791997885858,,,,
16.793564128256513,0.25389024756291084,0.25472296483816936,,,,
16.844478957915832,0.2522390711870459,0.2530767482455865,,,,
16.895393787575152,0.2505983559489957,0.25144051301659426,,,,
16.946308617234468,0.24896806196935606,0.2498142218004922,,,,
16.997223446893788,0.24734814881813627,0.2481978369013155,,,,
17.048138276553107,0.24573857552917602,0.24659132028888697,,,,
17.099053106212427,0.2441393006144658,0.24499463360972557,,,,
17.149967935871743,0.2425502820783705,0.2434077381978137,,,,
17.200882765531063,0.24097147743175334,0.2418305950852219,,,,
17.251797595190382,0.23940284370599813,0.2402631650125925,,,,
17.3027124248497,0.2378443374669283,0.23870540843948038,,,,
17.353627254509018,0.23629591482861959,0.23715728555455273,,,,
17.404542084168337,0.23475753146710646,0.2356187562856466,,,,
17.455456913827657,0.23322914263397831,0.23408978030968644,,,,
17.506371743486973,0.23171070316986586,0.23257031706245943,,,,
17.557286573146293,0.23020216751781367,0.23106032574825075,,,,
17.608201402805612,0.22870348973653978,0.22955976534933922,,,,
17.659116232464932,0.2272146235135782,0.22806859463535198,,,,
17.710031062124248,0.22573552217830514,0.22658677217248083,,,,
17.760945891783567,0.22426613871484524,0.2251142563325592,,,,
17.811860721442887,0.22280642577485887,0.22365100530200097,,,,
17.862775551102207,0.2213563356902066,0.22219697709060168,,,,
17.913690380761523,0.21991582048549133,0.2207521295402024,,,,
17.964605210420842,0.2184848318904758,0.21931642033321705,,,,
18.015520040080162,0.21706332135237522,0.21788980700102384,,,,
18.06643486973948,0.2156512400480227,0.21647224693222214,,,,
18.117349699398797,0.21424853889590717,0.21506369738075395,,,,
18.168264529058117,0.21285516856808262,0.2136641154738924,,,,
18.219179358717437,0.2114710795019475,0.21227345822009713,,,,
18.270094188376753,0.21009622191189328,0.2108916825167376,,,,
18.321009018036072,0.20873054580082143,0.20951874515768476,,,,
18.371923847695392,0.2073740009715278,0.20815460284077317,,,,
18.42283867735471,0.20602653703795415,0.2067992121751328,,,,
18.473753507014028,0.20468810343630495,0.20545252968839273,,,,
18.524668336673347,0.2033586494360295,0.20411451183375645,,,,
18.575583166332667,0.20203812415066935,0.20278511499695148,,,,
18.626497995991986,0.20072647654856873,0.20146429550305242,,,,
18.677412825651302,0.19942365546344876,0.20015200962317956,,,,
18.728327655310622,0.1981296096048446,0.19884821358107319,,,,
18.77924248496994,0.19684428756840505,0.19755286355954627,,,,
18.83015731462926,0.19556763784605363,0.1962659157068143,,,,
18.881072144288577,0.1942996088360119,0.194987326142705,,,,
18.931986973947897,0.19304014885268328,0.1937170509647485,,,,
18.982901803607216,0.19178920613639852,0.19245504625414894,,,,
19.033816633266532,0.19054672886302143,0.19120126808163856,,,,
19.084731462925852,0.18931266515341522,0.18995567251321605,,,,
19.13564629258517,0.18808696308276904,0.18871821561576876,,,,
19.18656112224449,0.18686957068978488,0.1874888534625867,,,,
19.237475951903807,0.1856604359857246,0.18626754213874355,,,,
19.288390781563127,0.18445950696331634,0.1850542377463941,,,,
19.339305611222446,0.18326673160552248,0.18384889640994828,,,,
19.390220440881766,0.1820820578941659,0.1826514742811351,,,,
19.441135270541082,0.180905433818418,0.18146192754395757,,,,
19.4920501002004,0.1797368073831454,0.18028021241954165,,,,
19.54296492985972,0.17857612661711886,0.1791062851708462,,,,
19.59387975951904,0.17742333958108125,0.17794010210739042,,,,
19.644794589178357,0.17627839437567755,0.17678161958969715,,,,
19.695709418837676,0.1751412391492446,0.1756307940337719,,,,
19.746624248496996,0.1740118221054638,0.17448758191542732,,,,
19.797539078156312,0.1728900915108748,0.17335193977452107,,,,
19.84845390781563,0.17177599570225047,0.17222382421907426,,,,
19.89936873747495,0.17066948309383606,0.17110319192930815,,,,
19.95028356713427,0.16957050218444977,0.16998999966164016,,,,
20.001198396793587,0.16847900156444773,0.16888420425244907,,,,
20.052113226452907,0.16739492992255156,0.1677857626218763,,,,
20.103028056112226,0.16631823605254215,0.16669463177747587,,,,
20.153942885771546,0.1652488688598168,0.16561076881778414,,,,
20.20485771543086,0.1641867773678125,0.16453413093579905,,,,
20.25577254509018,0.1631319107242953,0.16346467542237114,,,,
20.3066873747495,0.16208421820751617,0.16240235966950758,,,,
20.35760220440882,0.16104364923223524,0.1613471411735949,,,,
20.408517034068137,0.1600101533556125,0.16029897753851466,,,,
20.459431863727456,0.15898368028296897,0.1592578264786909,,,,
20.510346693386776,0.1579641798734167,0.158223645822116,,,,
20.561261523046092,0.15695160214535878,0.1571963935131474,,,,
20.61217635270541,0.15594589728186134,0.15617602761536464,,,,
20.66309118236473,0.15494701563589705,0.15516250631428408,,,,
20.71400601202405,0.15395490773546092,0.15415578792000634,,,,
20.764920841683367,0.15296952428856123,0.15315583086978862,,,,
20.815835671342686,0.15199081618808305,0.1521625937305403,,,,
20.866750501002006,0.15101873451652872,0.15117603520124517,,,,
20.917665330661325,0.1500532305506345,0.15019611411531092,,,,
20.96858016032064,0.1490942557658635,0.1492227894428457,,,,
21.01949498997996,0.14814176184077799,0.14825602029286522,,,,
21.07040981963928,0.14719570066129106,0.1472957659154297,,,,
21.121324649298597,0.14625602432479717,0.14634198570371254,,,,
21.172239478957916,0.1453226851441855,0.14539463919600154,,,,
21.223154308617236,0.144395635651735,0.14445368607763479,,,,
21.274069138276555,0.1434748286028924,0.14351908618288226,,,,
21.32498396793587,0.14256021697993568,0.14259079949669398,,,,
21.37589879759519,0.14165175399552177,0.1416687861565609,,,,
21.42681362725451,0.14074939309612183,0.14075300645407943,,,,
21.47772845691383,0.13985308796534404,0.1398434208366321,,,,
21.528643286573146,0.13896279252714483,0.13893998990893727,,,,
21.579558116232466,0.13807846094893042,0.13804267443455256,,,,
21.630472945891785,0.13720004764454952,0.13715143533732146,,,,
21.681387775551105,0.13632750727717793,0.1362662337027624,,,,
21.73230260521042,0.13546079476209721,0.13538703077940376,,,,
21.78321743486974,0.1345998652693672,0.13451378798006353,,,,
21.83413226452906,0.13374467422639483,0.13364646688307624,,,,
21.885047094188376,0.13289517732040004,0.13278502923346805,,,,
21.935961923847696,0.1320513305007794,0.13192943694408074,,,,
21.986876753507016,0.13121308998136963,0.13107965209664102,,,,
22.037791583166335,0.13038041224261177,0.13023563694278392,,,,
22.08870641282565,0.12955325403361653,0.12939735390504298,,,,
22.13962124248497,0.12873157237413363,0.128564765577756,,,,
22.19053607214429,0.1279153245564254,0.12773783472796044,,,,
22.24145090180361,0.12710446814704507,0.12691652429622557,,,,
22.292365731462926,0.12629896098852317,0.12610079739744467,,,,
22.343280561122246,0.12549876120096093,0.12529061732158245,,,,
22.394195390781565,0.12470382718353387,0.12448594753437994,,,,
22.445110220440885,0.12391411761590578,0.12368675167801772,,,,
22.4960250501002,0.1231295914595545,0.1228929935717381,,,,
22.54693987975952,0.12235020795901029,0.12210463721242613,,,,
22.59785470941884,0.12157592664301055,0.12132164677515338,,,,
22.648769539078156,0.1208067073255677,0.120543986613681,,,,
22.699684368737476,0.12004251010695613,0.11977162126093181,,,,
22.750599198396795,0.11928329537461671,0.11900451542939665,,,,
22.801514028056115,0.11852902380398012,0.11824263401156632,,,,
22.85242885771543,0.11777965635921261,0.11748594208026517,,,,
22.90334368737475,0.11703515429388214,0.1167344048889738,,,,
22.95425851703407,0.11629547915154928,0.11598798787212784,,,,
23.00517334669339,0.11556059276628206,0.11524665664537287,,,,
23.056088176352706,0.11483045726309714,0.11451037700578952,,,,
23.107003006012025,0.11410503505832723,0.11377911493208705,,,,
23.157917835671345,0.1133842888599189,0.11305283658476743,,,,
23.208832665330664,0.1126681816676583,0.11233150830625795,,,,
23.25974749498998,0.11195667677332853,0.11161509662101553,,,,
23.3106623246493,0.11124973776079966,0.11090356823560206,,,,
23.36157715430862,0.11054732850605184,0.11019689003873245,,,,
23.412491983967936,0.10984941317713344,0.10949502910129486,,,,
23.463406813627255,0.10915595623405498,0.10879795267634923,,,,
23.514321643286575,0.1084669224286205,0.10810562819907743,,,,
23.565236472945895,0.10778227680419761,0.10741802328674847,,,,
23.61615130260521,0.10710198469542712,0.10673510573863769,,,,
23.66706613226453,0.10642601172787326,0.10605684353589732,,,,
23.71798096192385,0.10575432381761712,0.10538320484144656,,,,
23.76889579158317,0.10508688717079276,0.10471415799981502,,,,
23.819810621242485,0.10442366828306764,0.10404967153696876,,,,
23.870725450901805,0.10376463393906997,0.10338971416011496,,,,
23.921640280561125,0.10310975121176215,0.10273425475748554,,,,
23.972555110220444,0.10245898746176305,0.10208326239810031,,,,
24.02346993987976,0.10181231033661926,0.10143670633151022,,,,
24.07438476953908,0.10116968777002688,0.10079455598752077,,,,
24.1252995991984,0.10053108798100585,0.10015678097589799,,,,
24.176214428857715,0.09989647947302627,0.09952335108605465,,,,
24.227129258517035,0.09926583103308881,0.09889423628671899,,,,
24.278044088176355,0.09863911173076147,0.09826940672559109,,,,
24.328958917835674,0.09801629091717118,0.09764883272896213,,,,
24.37987374749499,0.09739733822395365,0.09703248480135156,,,,
24.43078857715431,0.09678222356216187,0.09642033362511092,,,,
24.48170340681363,0.09617091712113396,0.0958123500599917,,,,
24.53261823647295,0.09556338936732184,0.09520850514273299,,,,
24.583533066132265,0.09495961104308207,0.09460877008661633,,,,
24.634447895791585,0.09435955316542886,0.09401311628100899,,,,
24.685362725450904,0.09376318702475245,0.09342151529089543,,,,
24.73627755511022,0.09317048418350106,0.09283393885639406,,,,
24.78719238476954,0.09258141647482955,0.09225035889226163,,,,
24.83810721442886,0.09199595600121577,0.09167074748738621,,,,
24.88902204408818,0.09141407513304417,0.09109507690426702,,,,
24.939936873747495,0.09083574650715885,0.09052331957848316,,,,
24.990851703406815,0.09026094302538719,0.08995544811815134,,,,
25.041766533066134,0.0896896378530344,0.08939143530337436,,,,
25.092681362725454,0.08912180441734971,0.0888312540856725,,,,
25.14359619238477,0.08855741640596672,0.08827487758741168,,,,
25.19451102204409,0.08799644776531679,0.08772227910122728,,,,
25.24542585170341,0.08743887269901805,0.087173432089424,,,,
25.29634068136273,0.08688466566624051,0.08662831018337255,,,,
25.347255511022045,0.08633380138004718,0.08608688718290307,,,,
25.398170340681364,0.08578625480571396,0.08554913705568505,,,,
25.449085170340684,0.08524200115902794,0.08501503393660034,,,,
25.5,0.08470101590456465,0.08448455212710793,,,,
